model,c_index,ci_lo,ci_hi,fold_c,n,n_events,delta_vs_clinical
clinical_only,0.6854096572490821,0.6422395742127188,0.7332938658471118,"[0.7203686050206546, 0.6865758754863813, 0.7805636896046853, 0.5656988188976378, 0.6444223107569721]",1096,151,0.0
TIS_18,0.5297660198798605,0.4786608038471796,0.5872185498027336,"[0.5278042580235145, 0.5922178988326848, 0.571376281112738, 0.5378937007874016, 0.450996015936255]",1096,151,-0.1556436373692216
CYT,0.5424866725046473,0.4853811498886845,0.6015213620872832,"[0.5700667302192565, 0.6050583657587548, 0.5896778916544656, 0.5344488188976378, 0.4358565737051793]",1096,151,-0.14292298474443477
sig_IFN_gamma,0.5495997910617443,0.49707648402826815,0.6070392268011696,"[0.5694312043215761, 0.5914396887159533, 0.5889458272327965, 0.5167322834645669, 0.45219123505976094]",1096,151,-0.1358098661873378
random_feat_s0,0.560154245594629,0.5036619418642942,0.6129164977920476,"[0.605656180489355, 0.5898832684824903, 0.5673499267935578, 0.5890748031496063, 0.503585657370518]",1096,151,-0.12525541165445309
random_feat_s1,0.557788327111275,0.5031474076296832,0.6144787294332957,"[0.5735621226564983, 0.6073929961089494, 0.5823572474377745, 0.5885826771653543, 0.4760956175298805]",1096,151,-0.12762133013780708
random_feat_s2,0.528613786852253,0.47076414238022285,0.5832352035669358,"[0.590403558945027, 0.5136186770428015, 0.5076866764275256, 0.5118110236220472, 0.48844621513944225]",1096,151,-0.15679587039682907
NMF_risk_k6,0.5514740901199858,0.49688014071885883,0.6103249988567067,"[0.6358436606291706, 0.5727626459143969, 0.6339677891654466, 0.5895669291338582, 0.501593625498008]",1096,151,-0.13393556712909627
NMF_plus_clinical,0.6893887019710866,0.6404873575223476,0.7379488098666915,"[0.7616777883698761, 0.6821011673151751, 0.7884333821376281, 0.5841535433070866, 0.6123505976095618]",1096,151,0.003979044722004499
